station_id,lat,long,year,month,day,hour,forecast,gridpp,observation,observation_quality,gridpp_error,number_of_observations
SN18700,59.9423,10.72,2019,5,13,12,12.478999999999983,11.25,11.1,0,0.1500000000000003,1392.0
SN80740,66.9035,13.646,2019,5,13,12,4.094240000000013,6.149999999999977,6.0,0,0.1499999999999772,1392.0
SN61630,62.2583,8.2,2019,5,13,12,1.812000000000012,4.449999999999989,4.3,0,0.1499999999999888,1381.0
SN8140,61.4255,11.0803,2019,5,13,12,8.867680000000007,9.649999999999975,9.5,0,0.1499999999999755,1387.0
SN23500,61.122,9.063,2019,5,13,12,7.610839999999996,9.65859999999998,8.6,0,1.058599999999981,1383.0
SN50810,60.4742,5.3418,2019,5,13,12,9.987799999999991,10.778660000000002,9.1,0,1.6786600000000025,1389.0
SN51010,60.5205,5.7243,2019,5,13,12,9.796400000000006,9.350000000000025,9.2,0,0.1500000000000252,1392.0
SN51800,60.7022,6.9373,2019,5,13,12,2.2543999999999755,7.161400000000015,5.3,0,1.8614000000000148,1388.0
SN57380,61.5158,6.657,2019,5,13,12,1.7895500000000195,4.853270000000009,4.5,0,0.3532700000000091,1273.0
SN44640,58.9563,5.7278,2019,5,13,12,11.55419999999998,10.850000000000025,10.7,0,0.1500000000000252,1389.0
SN65060,63.1442,8.5602,2019,5,13,12,7.1410999999999945,8.225649999999973,6.8,0,1.4256499999999734,1329.0
SN90495,69.6942,18.982,2019,5,13,12,5.22802999999999,4.853499999999997,3.8,0,1.053499999999997,1386.0
SN66630,62.8763,9.8413,2019,5,13,12,4.504399999999976,5.811460000000011,4.9,0,0.9114600000000106,1329.0
SN76957,60.7735,3.501,2019,5,13,12,6.525879999999972,6.488620000000026,10.8,0,4.311379999999975,1359.0
SN50526,60.3725,5.1738,2019,5,13,12,9.531740000000012,10.603420000000028,8.0,0,2.6034200000000283,1321.0
SN29400,60.1833,7.4805,2019,5,13,12,-0.6196299999999724,-0.4499999999999886,-0.6,0,0.1500000000000114,1380.0
SN80880,67.093,14.1663,2019,5,13,12,3.0561500000000024,-0.2411500000000046,-0.8,0,0.5588499999999954,1393.0
SN19710,59.8558,10.4358,2019,5,13,12,12.31006000000002,12.050000000000011,11.9,0,0.150000000000011,1388.0
SN69190,63.338,11.0887,2019,5,13,12,3.128420000000005,3.89285000000001,3.4,0,0.49285000000001,1330.0
SN23550,61.2508,8.9228,2019,5,13,12,4.057129999999972,2.9499999999999886,2.8,0,0.1499999999999888,1392.0
SN32220,59.5022,8.9837,2019,5,13,12,6.2660999999999945,4.299199999999985,3.5,0,0.7991999999999848,1393.0
SN79600,66.3643,14.3015,2019,5,13,12,4.012200000000007,4.350000000000023,4.2,0,0.1500000000000225,1392.0
SN68125,63.4223,10.3498,2019,5,13,12,7.737799999999993,5.962499999999977,5.3,0,0.6624999999999774,1389.0
SN28380,59.6247,9.6377,2019,5,13,12,10.338379999999972,11.850000000000025,11.7,0,0.1500000000000252,1361.0
SN64330,63.1093,7.8158,2019,5,13,12,7.814939999999979,7.75,7.6,0,0.1500000000000003,1392.0
SN76965,60.6083,2.7757,2019,5,13,12,6.97705000000002,7.042629999999974,7.5,0,0.4573700000000258,1376.0
SN57030,61.3592,5.1728,2019,5,13,12,8.106929999999977,9.834960000000024,9.4,0,0.4349600000000233,1319.0
SN45770,59.23,6.1498,2019,5,13,12,11.436039999999991,10.83280000000002,10.0,0,0.8328000000000202,1386.0
SN17150,59.3742,10.798,2019,5,13,12,13.271000000000017,12.050000000000011,11.9,0,0.150000000000011,1383.0
SN27315,59.3808,10.2397,2019,5,13,12,11.15379999999999,12.738800000000026,11.6,0,1.1388000000000265,1382.0
SN33990,59.8498,7.0873,2019,5,13,12,-1.986820000000023,0.708439999999996,0.3,0,0.408439999999996,1285.0
SN1135,58.99,11.5408,2019,5,13,12,12.31493999999998,12.504099999999994,9.7,0,2.8040999999999947,1322.0
SN90100,69.414,18.6773,2019,5,13,12,3.624500000000012,4.647829999999999,3.5,0,1.147829999999999,1386.0
SN90450,69.6537,18.9368,2019,5,13,12,5.961430000000007,4.149999999999977,4.0,0,0.1499999999999772,1393.0
SN55705,61.2017,7.2098,2019,5,13,12,8.156740000000013,9.130800000000022,8.4,0,0.7308000000000217,1280.0
SN61070,62.5325,6.949,2019,5,13,12,4.704600000000028,5.658200000000022,4.1,0,1.5582000000000225,1311.0
SN76968,61.3648,2.4327,2019,5,13,12,6.739750000000015,6.823879999999974,6.9,0,0.0761200000000261,1366.0
SN80700,66.8102,13.9793,2019,5,13,12,1.2749000000000024,2.7862200000000144,3.8,0,1.0137799999999857,1390.0
SN17090,59.3503,10.897,2019,5,13,12,13.166499999999983,13.369799999999998,13.2,0,0.1697999999999986,1321.0
SN12290,60.8002,11.095,2019,5,13,12,10.343259999999988,12.407620000000009,10.4,0,2.007620000000008,1388.0
SN51470,60.6455,6.222,2019,5,13,12,8.530759999999987,10.949999999999989,10.8,0,0.1499999999999879,1391.0
SN17000,59.1513,10.8288,2019,5,13,12,10.980959999999982,10.350000000000025,10.2,0,0.1500000000000252,1390.0
SN17380,59.398,10.7543,2019,5,13,12,12.661620000000028,12.680150000000026,13.0,0,0.319849999999974,1390.0
SN46610,59.6479,6.3499,2019,5,13,12,11.887200000000009,11.949999999999989,11.8,0,0.1499999999999879,1392.0
SN80102,66.3705,12.611,2019,5,13,12,6.243650000000002,5.350000000000023,5.2,0,0.1500000000000225,1270.0
SN57789,61.6673,5.1948,2019,5,13,12,3.747560000000021,3.879149999999981,5.8,0,1.9208500000000188,1280.0
SN69150,63.4882,10.8795,2019,5,13,12,7.122560000000021,6.75,6.6,0,0.1500000000000003,1389.0
SN51440,60.647,6.1105,2019,5,13,12,8.170399999999972,11.649999999999975,11.5,0,0.1499999999999755,1392.0
SN94280,70.6807,23.6772,2019,5,13,12,2.5912999999999897,2.9499999999999886,2.8,0,0.1499999999999888,1393.0
SN41825,58.134,7.0452,2019,5,13,12,15.00243999999998,14.470860000000016,14.3,0,0.1708600000000153,1389.0
SN62200,62.8275,7.6048,2019,5,13,12,6.435060000000021,8.036350000000027,5.1,0,2.9363500000000275,1321.0
SN30305,59.2485,9.6637,2019,5,13,12,10.237799999999991,11.636469999999974,9.9,0,1.736469999999974,1298.0
SN17870,59.6703,10.8107,2019,5,13,12,12.593259999999988,12.780460000000003,10.8,0,1.9804600000000023,1350.0
SN77425,65.1662,13.3667,2019,5,13,12,3.5014600000000087,4.850000000000023,4.7,0,0.1500000000000225,1369.0
SN51990,60.8655,6.4733,2019,5,13,12,5.833500000000015,4.89391999999998,3.8,0,1.0939199999999802,1375.0
SN56960,61.4202,6.3758,2019,5,13,12,5.52879999999999,8.043729999999982,6.4,0,1.643729999999982,1383.0
SN76450,65.7017,11.8562,2019,5,13,12,5.34620000000001,4.050000000000011,3.9,0,0.1500000000000114,1393.0
SN76961,58.4178,1.7178,2019,5,13,12,8.493650000000002,8.321199999999976,8.7,0,0.3788000000000231,1377.0
SN77350,65.3125,13.1427,2019,5,13,12,-1.0893599999999992,0.890260000000012,1.8,0,0.909739999999988,1319.0
SN69661,62.0385,6.4187,2019,5,13,12,3.6655299999999897,9.352449999999976,7.3,0,2.0524499999999763,1317.0
SN62295,62.756,7.2088,2019,5,13,12,8.61669999999998,8.895870000000002,5.7,0,3.195870000000002,1392.0
SN64242,63.0857,7.7978,2019,5,13,12,7.888179999999977,8.587460000000021,7.6,0,0.9874600000000218,1318.0
SN82410,67.4048,13.8958,2019,5,13,12,6.35302999999999,5.949999999999989,5.8,0,0.1499999999999888,1379.0
SN76928,65.32285,7.3156,2019,5,13,12,6.111820000000023,5.751700000000028,4.4,0,1.3517000000000277,1382.0
SN93140,69.9775,23.3582,2019,5,13,12,4.504399999999976,6.25,6.1,0,0.1500000000000003,1386.0
SN20280,60.1403,10.2662,2019,5,13,12,11.349120000000028,13.138430000000028,11.5,0,1.638430000000028,1384.0
SN71850,64.1727,9.4052,2019,5,13,12,5.9839000000000055,7.050000000000011,6.9,0,0.150000000000011,1393.0
SN17050,59.3188,10.8145,2019,5,13,12,13.003420000000006,13.864840000000015,12.8,0,1.0648400000000144,1387.0
SN81650,66.9368,15.3155,2019,5,13,12,4.877439999999979,7.949999999999989,7.8,0,0.1499999999999888,1390.0
SN85840,67.6527,12.7228,2019,5,13,12,5.0278299999999945,5.128449999999987,4.0,0,1.1284499999999866,1393.0
SN26500,59.9202,9.9728,2019,5,13,12,11.099120000000028,13.649380000000008,12.4,0,1.2493800000000077,1378.0
SN20301,60.1665,10.2478,2019,5,13,12,12.342300000000025,12.717899999999986,10.5,0,2.217899999999986,1383.0
SN51460,60.6377,6.2048,2019,5,13,12,8.530759999999987,11.190980000000025,9.3,0,1.890980000000024,1323.0
SN76240,65.22,11.9927,2019,5,13,12,5.301269999999988,2.75,2.6,0,0.1499999999999999,1392.0
SN19825,59.5513,10.5813,2019,5,13,12,10.579600000000028,10.153700000000017,10.7,0,0.5462999999999827,1350.0
SN69655,63.5652,10.6932,2019,5,13,12,7.47802999999999,6.050000000000011,5.9,0,0.150000000000011,1392.0
SN69520,63.3407,12.0385,2019,5,13,12,1.935060000000021,3.5212000000000216,2.8,0,0.7212000000000218,1323.0
SN25630,60.53,8.1948,2019,5,13,12,4.148930000000007,4.75,4.6,0,0.1500000000000003,1390.0
SN62980,62.93,7.925,2019,5,13,12,3.487799999999993,0.5978999999999814,-1.6,0,2.197899999999981,1389.0
SN99540,69.147,29.244,2019,5,13,12,5.747560000000021,5.74063000000001,6.8,0,1.0593699999999897,1264.0
SN55928,61.2028,6.5285,2019,5,13,12,8.939939999999979,9.467100000000016,9.6,0,0.1328999999999833,1386.0
SN76530,65.8295,12.4255,2019,5,13,12,5.5464000000000055,5.24430000000001,6.4,0,1.1556999999999906,1388.0
SN60650,62.288,7.2173,2019,5,13,12,5.920399999999972,8.446700000000021,8.2,0,0.2467000000000219,1372.0
SN700,61.887,12.0462,2019,5,13,12,4.672360000000026,4.941379999999981,5.6,0,0.6586200000000186,1329.0
SN89010,69.2897,18.1288,2019,5,13,12,1.7573199999999929,-2.3500000000000227,-2.5,0,0.1499999999999772,1372.0
SN27403,59.2084,10.45442,2019,5,13,12,12.297360000000026,12.399080000000026,10.9,0,1.499080000000026,1391.0
SN67005,63.3297,9.9983,2019,5,13,12,6.2846700000000055,6.856100000000026,5.7,0,1.156100000000026,1324.0
SN41480,58.6172,7.4128,2019,5,13,12,9.955570000000025,12.43344000000002,12.8,0,0.3665599999999802,1391.0
SN18270,59.9683,10.9185,2019,5,13,12,10.138179999999975,11.784179999999992,10.9,0,0.8841799999999918,1267.0
SN26820,59.7613,9.8922,2019,5,13,12,12.957519999999988,14.26645000000002,15.0,0,0.7335499999999797,1359.0
SN57710,61.5832,5.0278,2019,5,13,12,6.211430000000007,8.350000000000023,8.2,0,0.1500000000000234,1368.0
SN26802,59.7328,10.0258,2019,5,13,12,11.40870000000001,12.583860000000016,12.9,0,0.3161399999999847,1379.0
SN69035,63.4262,10.664,2019,5,13,12,7.168459999999982,6.705229999999972,5.3,0,1.405229999999972,1331.0
SN65940,63.8467,8.4667,2019,5,13,12,6.043459999999982,7.149999999999977,7.0,0,0.1499999999999772,1382.0
SN21700,61.0102,10.1453,2019,5,13,12,6.8589000000000055,5.756899999999973,5.5,0,0.2568999999999732,1285.0
SN27406,59.169,10.4238,2019,5,13,12,11.412599999999998,12.51260000000002,12.9,0,0.38739999999998,1390.0
SN54770,61.2722,7.766,2019,5,13,12,5.109860000000026,11.707339999999988,9.6,0,2.107339999999988,1290.0
SN670,61.8405,11.9928,2019,5,13,12,4.494629999999972,4.317349999999976,3.4,0,0.9173499999999764,1279.0
SN76969,61.079,2.5063,2019,5,13,12,6.8589000000000055,6.963680000000011,6.8,0,0.1636800000000109,1347.0
SN49955,60.5157,6.9147,2019,5,13,12,10.657699999999975,11.672180000000026,9.2,0,2.4721800000000265,1317.0
SN11340,60.4548,10.643,2019,5,13,12,7.1596700000000055,7.3347499999999854,5.5,0,1.8347499999999852,1320.0
SN35860,58.6361,9.1479,2019,5,13,12,9.358900000000006,11.050000000000011,10.9,0,0.150000000000011,1392.0
SN91728,70.0662,20.5647,2019,5,13,12,4.33544999999998,4.085480000000018,5.1,0,1.0145199999999814,1324.0
SN25040,60.786,8.7443,2019,5,13,12,7.396000000000015,8.85329999999999,6.9,0,1.9532999999999896,1308.0
SN71990,64.4013,10.455,2019,5,13,12,6.799320000000023,5.75,5.6,0,0.1500000000000003,1392.0
SN18410,59.941,10.798,2019,5,13,12,12.424320000000025,12.33325000000002,10.9,0,1.4332500000000188,1289.0
SN89350,69.0577,18.5437,2019,5,13,12,5.906740000000013,3.4499999999999886,3.3,0,0.1499999999999888,1324.0
SN57790,61.6788,5.2007,2019,5,13,12,4.021000000000015,4.016700000000014,1.6,0,2.4167000000000143,1390.0
SN40250,59.1972,7.5273,2019,5,13,12,8.211430000000007,11.550000000000011,11.4,0,0.150000000000011,1385.0
SN5350,60.3883,11.558,2019,5,13,12,10.729980000000012,11.330300000000022,11.6,0,0.2696999999999772,1391.0
SN26990,59.6193,10.215,2019,5,13,12,10.998539999999991,13.64407,12.1,0,1.5440699999999996,1327.0
SN55520,61.345,7.2623,2019,5,13,12,7.700679999999977,8.574200000000019,7.5,0,1.074200000000019,1333.0
SN50505,60.3452,5.3713,2019,5,13,12,10.315920000000006,10.689799999999993,7.5,0,3.189799999999993,1324.0
SN64510,62.9133,8.1862,2019,5,13,12,6.626460000000009,7.229219999999998,9.3,0,2.0707800000000027,1391.0
SN17650,59.6002,10.7395,2019,5,13,12,12.456540000000018,12.540770000000007,9.8,0,2.7407700000000066,1299.0
SN30330,59.2268,9.5772,2019,5,13,12,11.731929999999975,14.827240000000018,14.9,0,0.0727599999999828,1385.0
SN71385,63.6965,10.2425,2019,5,13,12,4.55419999999998,4.276400000000024,3.7,0,0.5764000000000236,1329.0
SN59695,62.16,6.2877,2019,5,13,12,2.3354499999999803,4.151999999999987,4.1,0,0.0519999999999871,1391.0
SN20470,60.2822,10.5295,2019,5,13,12,9.03564,10.174930000000018,8.8,0,1.3749300000000169,1296.0
SN68230,63.3987,10.4228,2019,5,13,12,7.050299999999993,5.949999999999989,7.2,0,1.2500000000000115,1264.0
SN91530,69.4818,20.5787,2019,5,13,12,1.1606400000000008,-4.133800000000008,-3.8,0,0.3338000000000081,1287.0
SN91180,69.8915,20.1387,2019,5,13,12,3.451660000000004,4.13997999999998,4.4,0,0.2600200000000203,1354.0
SN41090,58.0247,7.4517,2019,5,13,12,15.972170000000006,12.75,12.6,0,0.1500000000000003,1393.0
SN67560,62.9763,10.5608,2019,5,13,12,4.8090799999999945,7.050000000000011,6.9,0,0.150000000000011,1391.0
SN26810,59.7688,9.9155,2019,5,13,12,12.957519999999988,14.414030000000023,13.6,0,0.8140300000000238,1386.0
SN90510,69.6508,19.0065,2019,5,13,12,4.813960000000009,5.016480000000001,4.1,0,0.9164800000000016,1357.0
SN30650,59.5667,9.2105,2019,5,13,12,11.27197000000001,14.345280000000002,13.4,0,0.945280000000002,1380.0
SN55735,61.3473,6.8745,2019,5,13,12,3.005370000000028,5.667570000000012,6.3,0,0.6324299999999878,1311.0
SN91120,69.5599107,20.15185,2019,5,13,12,2.317870000000028,0.504099999999994,0.2,0,0.304099999999994,1387.0
SN90360,69.5463,19.0087,2019,5,13,12,3.046400000000005,3.412869999999998,4.1,0,0.6871300000000016,1304.0
SN50310,60.3887,5.964,2019,5,13,12,7.204600000000028,7.050000000000011,6.9,0,0.150000000000011,1393.0
SN76938,57.408,2.8458,2019,5,13,12,8.375499999999988,8.242459999999994,8.7,0,0.4575400000000051,1375.0
SN58860,61.8902,6.1065,2019,5,13,12,4.7221700000000055,1.5048199999999952,-1.3,0,2.804819999999995,1390.0
SN50175,60.0167,5.2038,2019,5,13,12,8.685060000000021,8.949999999999989,8.8,0,0.1499999999999879,1392.0
SN63705,62.6043,9.6667,2019,5,13,12,3.142100000000028,3.25,3.1,0,0.1499999999999999,1393.0
SN27055,59.5735,10.181,2019,5,13,12,10.593259999999988,12.54086000000001,12.1,0,0.4408600000000096,1314.0
SN35210,58.87,9.0263,2019,5,13,12,11.859860000000026,13.449999999999989,13.3,0,0.1499999999999879,1390.0
SN91715,70.0033,20.8985,2019,5,13,12,2.8412999999999897,4.94177000000002,4.6,0,0.3417700000000208,1332.0
SN46930,59.4927,5.7208,2019,5,13,12,10.97120000000001,10.949999999999989,10.8,0,0.1499999999999879,1391.0
SN76923,61.2042,2.2687,2019,5,13,12,6.9535999999999945,7.044280000000015,6.5,0,0.5442800000000148,1364.0
SN18920,59.9573,10.671,2019,5,13,12,10.311039999999991,11.746399999999994,10.9,0,0.8463999999999938,1324.0
SN94230,70.4107,22.8177,2019,5,13,12,3.880370000000028,3.894619999999975,3.7,0,0.1946199999999747,1361.0
SN12030,60.5545,11.2502,2019,5,13,12,9.49169999999998,9.96753000000001,9.0,0,0.9675300000000108,1329.0
SN2980,59.1105,11.2753,2019,5,13,12,12.319819999999993,13.426600000000008,10.9,0,2.5266000000000077,1300.0
SN98790,70.0653,29.8352,2019,5,13,12,3.793459999999982,6.050000000000011,5.9,0,0.150000000000011,1393.0
SN60310,62.1362,7.1848,2019,5,13,12,1.1059599999999818,2.875119999999981,3.8,0,0.924880000000019,1308.0
SN34130,58.8565,9.5745,2019,5,13,12,8.32080000000002,10.656859999999996,10.3,0,0.3568599999999957,1390.0
SN68860,63.4107,10.4538,2019,5,13,12,6.344240000000013,5.949999999999989,5.8,0,0.1499999999999888,1393.0
SN50540,60.383,5.3327,2019,5,13,12,10.242680000000007,10.649999999999975,10.5,0,0.1499999999999755,1392.0
SN18950,59.9847,10.6693,2019,5,13,12,9.049320000000025,7.850000000000023,7.7,0,0.1500000000000225,1393.0
SN13390,61.5298,10.0747,2019,5,13,12,8.11572000000001,11.117979999999989,9.7,0,1.4179799999999894,1320.0
SN85380,68.1535,14.6485,2019,5,13,12,5.706540000000018,5.75,5.6,0,0.1500000000000003,1375.0
SN76920,56.5434,3.2244,2019,5,13,12,8.420399999999972,8.308960000000013,8.9,0,0.5910399999999871,1374.0
SN9380,62.2958,9.352,2019,5,13,12,-5.03370000000001,-3.851350000000025,-4.0,0,0.148649999999975,1376.0
SN16611,62.1125,9.28625,2019,5,13,12,2.230959999999982,1.0500000000000114,1.0,0,0.0500000000000113,1313.0
SN18280,59.9865,10.9287,2019,5,13,12,9.577639999999974,11.440949999999988,9.9,0,1.540949999999988,1329.0
SN51610,60.6438,6.4355,2019,5,13,12,9.732899999999972,11.34093999999999,10.0,0,1.3409399999999891,1329.0
SN93000,70.607,22.4428,2019,5,13,12,1.6157200000000105,0.25,0.1,0,0.15,1384.0
SN61410,62.4555,7.7703,2019,5,13,12,1.6801800000000071,-1.9499999999999889,-2.1,0,0.1500000000000112,1330.0
SN93700,68.9968,23.0335,2019,5,13,12,3.9662999999999897,4.9452,4.5,0,0.4451999999999998,1363.0
SN68175,63.4078,10.4388,2019,5,13,12,7.050299999999993,5.949999999999989,6.1,0,0.150000000000011,1331.0
SN16560,62.07165,9.1147,2019,5,13,12,4.057129999999972,5.25,5.1,0,0.1500000000000003,1393.0
SN43350,58.4353,5.8718,2019,5,13,12,9.769040000000018,7.25,7.1,0,0.1500000000000003,1387.0
SN72580,64.4708,11.5705,2019,5,13,12,5.405759999999987,6.25,6.1,0,0.1500000000000003,1393.0
SN26450,60.3667,9.186,2019,5,13,12,4.954600000000028,6.488279999999975,5.2,0,1.2882799999999746,1269.0
SN69380,63.4115,11.7277,2019,5,13,12,5.24169999999998,5.649999999999977,5.5,0,0.1499999999999772,1391.0
SN4460,60.1173,10.829,2019,5,13,12,9.859860000000026,10.149999999999975,10.0,0,0.1499999999999755,1390.0
SN66150,63.3153,9.8495,2019,5,13,12,7.700679999999977,6.949999999999989,6.8,0,0.1499999999999888,1385.0
SN54110,61.1033,7.5025,2019,5,13,12,7.496579999999994,10.550000000000011,10.4,0,0.150000000000011,1367.0
SN93900,68.7553,23.5387,2019,5,13,12,3.311039999999992,4.350000000000023,4.2,0,0.1500000000000225,1375.0
SN12050,60.6215,11.2997,2019,5,13,12,10.447749999999983,11.182830000000024,10.0,0,1.182830000000024,1307.0
SN33950,59.8118,7.2143,2019,5,13,12,1.8530299999999893,1.9523599999999988,1.6,0,0.3523599999999987,1380.0
SN18315,59.919,10.7623,2019,5,13,12,13.181150000000002,13.140840000000026,13.7,0,0.5591599999999737,1376.0
SN44567,58.9908,5.6545,2019,5,13,12,10.670399999999972,11.632349999999974,10.3,0,1.3323499999999733,1264.0
SN17400,59.4765,10.79,2019,5,13,12,12.579600000000028,12.503100000000018,11.4,0,1.1031000000000173,1296.0
SN4920,60.1268,11.3933,2019,5,13,12,11.422360000000026,12.043330000000026,10.3,0,1.7433300000000251,1390.0
SN87120,69.2413,16.003,2019,5,13,12,4.089359999999999,0.75,0.6,0,0.15,1386.0
SN74670,65.0627,13.3025,2019,5,13,12,3.3969700000000103,4.037199999999984,3.1,0,0.9371999999999844,1261.0
SN76931,60.6435,3.7193,2019,5,13,12,6.498539999999991,6.453640000000007,7.7,0,1.246359999999993,1368.0
SN96400,71.0888,28.217,2019,5,13,12,3.770019999999988,4.350000000000023,4.2,0,0.1500000000000225,1393.0
SN76922,61.2553,1.8522,2019,5,13,12,7.1596700000000055,7.237950000000012,7.6,0,0.3620499999999875,1258.0
SN76330,65.4567,12.2182,2019,5,13,12,5.720199999999977,5.708199999999977,5.6,0,0.1081999999999769,1393.0
SN96310,71.033,27.8298,2019,5,13,12,3.187999999999988,4.050000000000011,3.9,0,0.1500000000000114,1329.0
SN84880,68.3995,17.966,2019,5,13,12,0.2270500000000197,3.195130000000006,4.6,0,1.4048699999999936,1382.0
SN11060,60.3712,11.3588,2019,5,13,12,9.764160000000004,10.794500000000028,9.0,0,1.7945000000000275,1288.0
SN76934,61.2063,1.8288,2019,5,13,12,7.19580000000002,7.268979999999999,8.0,0,0.7310200000000009,1311.0
SN57770,61.5717,4.6817,2019,5,13,12,6.0160999999999945,7.850000000000023,7.7,0,0.1500000000000225,1392.0
SN52360,60.7915,5.6238,2019,5,13,12,7.077639999999974,7.969940000000008,6.8,0,1.1699400000000084,1332.0
SN53230,60.8935,7.0557,2019,5,13,12,2.518070000000023,6.571000000000026,8.8,0,2.2289999999999743,1298.0
SN5590,60.1903,12.0067,2019,5,13,12,9.81493999999998,9.949999999999989,9.8,0,0.1499999999999879,1392.0
SN92500,70.1227,21.7223,2019,5,13,12,-2.109860000000026,-3.185729999999978,-1.4,0,1.7857299999999785,1353.0
SN75220,64.835,11.1408,2019,5,13,12,6.398930000000007,6.449999999999989,6.3,0,0.1499999999999888,1392.0
SN24350,60.0518,10.049,2019,5,13,12,10.825679999999975,12.196259999999995,10.2,0,1.996259999999996,1291.0
SN49420,60.128,6.6293,2019,5,13,12,6.412599999999998,8.312400000000025,6.6,0,1.7124000000000257,1391.0
SN22890,60.8643,9.545,2019,5,13,12,7.095199999999977,7.376530000000002,5.6,0,1.776530000000002,1330.0
SN31620,59.8397,8.1785,2019,5,13,12,4.686039999999991,3.850000000000023,3.7,0,0.150000000000023,1389.0
SN84500,68.432,17.662,2019,5,13,12,5.1284200000000055,5.449999999999989,5.3,0,0.1499999999999888,1393.0
SN2560,59.8388,11.3625,2019,5,13,12,9.96044999999998,11.35741999999999,10.2,0,1.1574199999999912,1311.0
SN80705,66.8275,13.948,2019,5,13,12,1.0971700000000055,-0.4642600000000243,-0.1,0,0.3642600000000243,1359.0
SN75190,64.8487,11.2322,2019,5,13,12,6.626460000000009,7.423279999999977,7.5,0,0.0767200000000229,1330.0
SN39150,58.1502,8.052,2019,5,13,12,12.684079999999994,14.327099999999971,12.7,0,1.627099999999972,1280.0
SN3720,59.5873,11.0962,2019,5,13,12,12.557129999999972,12.779330000000016,11.4,0,1.3793300000000157,1389.0
SN37230,59.0257,8.5187,2019,5,13,12,10.606929999999975,11.449999999999989,11.3,0,0.1499999999999879,1393.0
SN66810,62.6692,10.1523,2019,5,13,12,2.454600000000028,3.925299999999993,4.1,0,0.1747000000000067,1326.0
SN70390,63.656,12.2143,2019,5,13,12,2.353999999999985,3.485839999999996,3.2,0,0.2858399999999959,1316.0
SN44300,58.7605,5.6508,2019,5,13,12,10.270019999999988,9.050000000000011,8.9,0,0.150000000000011,1383.0
SN41770,57.9815,7.048,2019,5,13,12,7.760249999999985,8.850000000000023,8.7,0,0.1500000000000234,1349.0
SN19430,59.8923,10.5403,2019,5,13,12,12.96629999999999,13.426330000000007,10.9,0,2.526330000000007,1329.0
SN44605,59.1222,5.68,2019,5,13,12,10.80322000000001,11.545749999999998,9.4,0,2.145749999999998,1259.0
SN63000,62.7997,8.166,2019,5,13,12,6.812999999999988,7.221830000000011,6.8,0,0.4218300000000115,1254.0
SN71550,63.7045,9.6105,2019,5,13,12,7.282699999999977,7.649999999999977,7.5,0,0.1499999999999772,1393.0
SN82020,67.223,15.4125,2019,5,13,12,5.191899999999976,6.073199999999986,4.1,0,1.973199999999986,1331.0
SN84900,68.4323,18.0767,2019,5,13,12,-0.4057599999999866,1.4543800000000149,1.1,0,0.3543800000000148,1388.0
SN54710,61.178,8.1125,2019,5,13,12,0.764160000000004,2.550000000000012,2.4,0,0.1500000000000119,1313.0
SN25112,60.8705,8.5175,2019,5,13,12,5.583500000000015,5.350000000000023,5.2,0,0.1500000000000225,1388.0
SN82720,67.3335,15.8282,2019,5,13,12,-1.1801800000000071,-0.4532199999999875,-0.6,0,0.1467800000000124,1364.0
SN61065,62.6112,7.1135,2019,5,13,12,8.298339999999996,8.08553999999998,7.8,0,0.2855399999999806,1274.0
SN27295,59.3037,10.1975,2019,5,13,12,11.99169999999998,13.449340000000008,12.1,0,1.3493400000000086,1295.0
SN76963,64.994,6.5513,2019,5,13,12,6.640139999999974,6.505800000000022,5.9,0,0.6058000000000217,1369.0
SN62240,62.7603,7.3702,2019,5,13,12,8.315920000000006,9.155269999999971,8.5,0,0.6552699999999714,1324.0
SN90250,69.1448,19.0503,2019,5,13,12,3.60205000000002,4.481539999999995,4.6,0,0.1184600000000042,1305.0
SN76954,61.3322,3.897,2019,5,13,12,6.257319999999993,6.239599999999996,6.5,0,0.2604000000000042,1370.0
SN85890,67.5267,12.1038,2019,5,13,12,5.250499999999988,5.550000000000011,5.4,0,0.150000000000011,1392.0
SN12680,61.0917,10.4762,2019,5,13,12,9.91064,10.649999999999975,10.5,0,0.1499999999999755,1383.0
SN4590,60.2755,10.7475,2019,5,13,12,8.734860000000026,8.531999999999982,7.3,0,1.2319999999999824,1298.0
SN56420,61.2928,5.0443,2019,5,13,12,8.948730000000012,9.050000000000011,8.9,0,0.150000000000011,1392.0
SN26580,59.731,10.2142,2019,5,13,12,11.818849999999998,13.454650000000017,12.7,0,0.7546500000000176,1320.0
SN47260,59.3445,5.2115,2019,5,13,12,9.113769999999988,9.149999999999975,9.0,0,0.1499999999999755,1392.0
SN54590,61.1022,8.0172,2019,5,13,12,2.9965799999999945,5.261540000000025,4.0,0,1.261540000000025,1296.0
SN19815,59.6415,10.6038,2019,5,13,12,12.123539999999991,11.871500000000026,12.0,0,0.128499999999974,1320.0
SN8780,62.0103,10.0003,2019,5,13,12,3.947749999999985,4.834099999999978,6.2,0,1.365900000000022,1280.0
SN96850,70.2122,28.159,2019,5,13,12,3.64794999999998,4.75,4.6,0,0.1500000000000003,1388.0
SN13125,61.2865,10.2868,2019,5,13,12,7.860839999999996,11.060180000000004,10.5,0,0.5601800000000043,1323.0
SN43010,58.507,6.5045,2019,5,13,12,10.529800000000025,12.449999999999989,12.3,0,0.1499999999999879,1388.0
SN16265,61.8783,9.4153,2019,5,13,12,5.4965799999999945,8.551449999999988,8.0,0,0.5514499999999884,1282.0
SN53480,60.7192,7.2085,2019,5,13,12,0.7143599999999992,2.109559999999988,2.8,0,0.6904400000000117,1391.0
SN25165,60.9757,8.1557,2019,5,13,12,-0.916499999999985,1.944099999999992,-0.1,0,2.044099999999992,1319.0
SN32890,59.497,8.1992,2019,5,13,12,8.512200000000007,7.585170000000005,8.6,0,1.0148299999999946,1352.0
SN29950,58.9688,10.148,2019,5,13,12,8.370600000000024,10.649999999999975,10.5,0,0.1499999999999755,1392.0
SN27420,59.1205,10.398,2019,5,13,12,12.287599999999998,13.795140000000004,11.5,0,2.2951400000000035,1386.0
SN13110,61.1697,10.4107,2019,5,13,12,9.163569999999993,11.693699999999978,10.5,0,1.1936999999999784,1328.0
SN30255,59.087234,9.6603635,2019,5,13,12,13.36669999999998,12.149999999999975,12.0,0,0.1499999999999755,1393.0
SN44610,59.0705,5.4122,2019,5,13,12,9.49169999999998,8.449999999999989,8.3,0,0.1499999999999879,1390.0
SN32061,59.3822,9.2118,2019,5,13,12,12.492680000000007,13.767359999999996,12.9,0,0.8673599999999961,1386.0
SN27010,59.713,10.146,2019,5,13,12,10.187999999999988,12.550000000000011,12.4,0,0.150000000000011,1380.0
SN65275,63.228,9.3853,2019,5,13,12,4.012200000000007,5.873019999999997,5.8,0,0.0730199999999969,1317.0
SN43895,58.5505,5.6815,2019,5,13,12,10.02879999999999,9.351929999999982,9.2,0,0.1519299999999823,1264.0
SN56895,61.3457,6.3215,2019,5,13,12,2.823730000000012,5.313840000000027,6.4,0,1.086159999999973,1301.0
SN18020,59.8775,10.8185,2019,5,13,12,12.16455000000002,12.866359999999986,10.7,0,2.1663599999999867,1377.0
SN84905,68.436,18.1035,2019,5,13,12,-0.4057599999999866,2.704799999999977,1.2,0,1.504799999999977,1318.0
SN39750,58.6863,7.803,2019,5,13,12,10.34814,13.25,13.1,0,0.1500000000000003,1392.0
SN76956,71.3112,22.25,2019,5,13,12,5.100099999999998,4.8387500000000045,4.4,0,0.4387500000000042,1275.0
SN61408,62.4888,7.7612,2019,5,13,12,0.760249999999985,6.238499999999988,6.7,0,0.4615000000000124,1319.0
SN12550,60.7733,10.8055,2019,5,13,12,9.924320000000025,9.25,9.1,0,0.1500000000000003,1378.0
SN68050,63.4428,10.4428,2019,5,13,12,8.187999999999988,7.613679999999988,7.3,0,0.3136799999999882,1371.0
SN76959,60.5425,3.0468,2019,5,13,12,6.850099999999998,6.858339999999998,7.6,0,0.7416600000000013,1301.0
SN36200,58.3988,8.7893,2019,5,13,12,8.657699999999977,10.25,10.1,0,0.1500000000000003,1390.0
SN58100,61.8293,6.1043,2019,5,13,12,8.867680000000007,8.149999999999977,8.0,0,0.1499999999999772,1391.0
SN78170,66.053,13.5822,2019,5,13,12,2.8910999999999945,5.458250000000021,4.8,0,0.6582500000000211,1307.0
SN61420,62.4458,7.8355,2019,5,13,12,2.663569999999993,7.350000000000023,7.2,0,0.1500000000000225,1380.0
SN44080,58.6592,5.5553,2019,5,13,12,9.468259999999988,7.449999999999989,7.3,0,0.1499999999999888,1390.0
SN76926,58.3711,1.9091,2019,5,13,12,8.394040000000018,8.26339999999999,8.9,0,0.6366000000000103,1375.0
SN89980,69.0935,19.6278,2019,5,13,12,0.6049800000000118,3.6878699999999753,4.5,0,0.8121300000000247,1363.0
SN83960,68.2565,16.3953,2019,5,13,12,3.1918999999999755,2.8341399999999908,3.4,0,0.5658600000000091,1318.0
SN58770,61.9032,6.026,2019,5,13,12,7.437000000000012,10.548900000000003,8.1,0,2.448900000000004,1309.0
SN79764,66.4993,14.954,2019,5,13,12,1.7114300000000071,5.149999999999977,5.0,0,0.1499999999999772,1390.0
SN50480,60.2913,5.2777,2019,5,13,12,10.53370000000001,10.76690000000002,11.5,0,0.7330999999999808,1335.0
SN57810,61.7707,5.2983,2019,5,13,12,5.5971700000000055,8.555420000000026,8.5,0,0.0554200000000264,1388.0
SN65310,63.5185,7.9533,2019,5,13,12,6.10302999999999,6.949999999999989,6.8,0,0.1499999999999888,1393.0
SN52310,60.8562,5.9733,2019,5,13,12,6.389160000000004,9.949999999999989,9.8,0,0.1499999999999879,1360.0
SN59586,62.3468,5.9143,2019,5,13,12,6.180180000000007,8.863920000000007,6.9,0,1.963920000000007,1274.0
SN25110,60.8548,8.593,2019,5,13,12,6.07080000000002,8.75,8.6,0,0.1500000000000003,1366.0
SN10800,62.6793,11.8153,2019,5,13,12,2.613769999999988,2.8500000000000227,2.7,0,0.1500000000000225,1364.0
SN28923,60.0393,9.1667,2019,5,13,12,10.734860000000026,12.86423000000002,12.0,0,0.8642300000000205,1330.0
SN24240,60.2588,9.8453,2019,5,13,12,10.57080000000002,11.416299999999978,11.0,0,0.4162999999999783,1267.0
SN73630,64.6237,12.6053,2019,5,13,12,4.636230000000012,5.963999999999999,5.8,0,0.1639999999999988,1326.0
SN38140,58.34,8.5225,2019,5,13,12,11.950679999999975,11.449999999999989,11.3,0,0.1499999999999879,1390.0
SN50539,60.3837,5.332,2019,5,13,12,10.242680000000007,10.649999999999975,10.3,0,0.3499999999999748,1388.0
SN11790,60.791,10.3998,2019,5,13,12,8.794429999999977,9.28958,8.1,0,1.1895800000000012,1323.0
SN39100,58.0732,8.0532,2019,5,13,12,9.190920000000006,9.176150000000009,10.5,0,1.323849999999991,1258.0
SN55770,61.1792,6.8608,2019,5,13,12,8.187999999999988,10.477100000000007,9.5,0,0.9771000000000072,1392.0
SN58910,61.912,6.5835,2019,5,13,12,7.642100000000028,6.949999999999989,6.2,0,0.7499999999999885,1332.0
SN91675,69.7537,20.506,2019,5,13,12,4.3403299999999945,4.465759999999989,4.1,0,0.3657599999999892,1327.0
SN26970,59.6625,10.3802,2019,5,13,12,12.09620000000001,12.708100000000002,11.9,0,0.8081000000000014,1305.0
SN70980,64.1492,11.7635,2019,5,13,12,6.457519999999988,6.170700000000011,4.2,0,1.9707000000000103,1277.0
SN44190,58.7345,5.7262,2019,5,13,12,10.092300000000025,10.87511999999998,8.6,0,2.27511999999998,1290.0
SN99950,70.9394,-8.669,2019,5,13,12,1.7671000000000276,1.0641200000000026,0.0,0,1.0641200000000026,1387.0
SN37150,59.0523,8.6537,2019,5,13,12,8.80322000000001,10.542629999999974,8.7,0,1.842629999999975,1361.0
SN4950,60.1468,11.494,2019,5,13,12,11.404800000000025,12.06740000000002,10.0,0,2.067400000000021,1315.0
SN61060,62.6512,6.7552,2019,5,13,12,7.404800000000023,7.75,7.6,0,0.1500000000000003,1391.0
SN6170,60.624,11.9425,2019,5,13,12,10.110839999999996,10.62927000000002,9.2,0,1.4292700000000202,1261.0
SN3290,59.3882,11.3905,2019,5,13,12,12.451660000000004,13.112099999999998,13.8,0,0.6879000000000026,1381.0
SN50500,60.2892,5.2265,2019,5,13,12,10.35205000000002,9.550000000000011,9.4,0,0.150000000000011,1391.0
SN3730,59.5923,11.095,2019,5,13,12,12.557129999999972,12.865259999999978,10.4,0,2.4652599999999776,1307.0
SN9310,62.2207,9.5423,2019,5,13,12,2.1811500000000024,1.3500000000000227,1.2,0,0.1500000000000227,1385.0
SN84970,68.4912,16.6833,2019,5,13,12,5.1410999999999945,6.050000000000011,5.9,0,0.150000000000011,1386.0
SN45350,59.0552,6.6467,2019,5,13,12,7.527829999999994,11.050839999999994,10.6,0,0.4508399999999941,1385.0
SN87000,68.7183,15.3112,2019,5,13,12,4.28955000000002,1.310420000000022,-0.4,0,1.7104200000000218,1391.0
SN49085,60.2263,6.4347,2019,5,13,12,-1.5395500000000195,0.1037000000000034,1.6,0,1.4962999999999966,1352.0
SN87763,68.6269,16.5921,2019,5,13,12,6.002439999999979,6.653700000000015,9.0,0,2.346299999999985,1329.0
SN67280,62.9535,10.1788,2019,5,13,12,5.3784200000000055,5.25,5.1,0,0.1500000000000003,1384.0
SN26790,59.7498,10.0275,2019,5,13,12,10.794429999999975,13.758269999999982,12.1,0,1.658269999999982,1391.0
SN82290,67.267,14.3637,2019,5,13,12,5.551269999999988,4.949999999999989,4.8,0,0.1499999999999888,1264.0
SN50503,60.35,5.3967,2019,5,13,12,9.413569999999993,9.725250000000017,8.1,0,1.6252500000000172,1392.0
SN77230,65.7842,13.218,2019,5,13,12,5.154800000000023,4.550000000000011,4.4,0,0.150000000000011,1390.0
SN48170,59.9127,5.488,2019,5,13,12,8.225099999999998,8.945100000000025,9.8,0,0.8548999999999758,1329.0
SN67890,62.7403,11.3245,2019,5,13,12,1.0063499999999976,4.195679999999982,0.7,0,3.495679999999981,1321.0
SN61810,62.6578,8.0425,2019,5,13,12,2.413569999999993,1.632349999999974,3.4,0,1.767650000000026,1309.0
SN91740,69.7887,20.9553,2019,5,13,12,5.036620000000028,5.649999999999977,5.5,0,0.1499999999999772,1391.0
SN60240,62.191,6.9933,2019,5,13,12,1.356929999999977,-0.8038999999999987,0.1,0,0.9038999999999988,1380.0
SN36330,58.5158,8.7028,2019,5,13,12,13.436039999999991,13.77487000000002,11.4,0,2.374870000000019,1378.0
SN90110,69.4229,18.6208,2019,5,13,12,1.110839999999996,-1.0545000000000186,-1.9,0,0.8454999999999813,1386.0
SN19663,59.964,10.3435,2019,5,13,12,10.037599999999998,10.043949999999995,7.6,0,2.443949999999996,1327.0
SN47350,59.4382,5.078,2019,5,13,12,8.726069999999993,8.050000000000011,7.9,0,0.150000000000011,1390.0
SN27433,59.1745,10.3655,2019,5,13,12,12.856929999999975,12.940249999999992,12.0,0,0.9402499999999918,1390.0
SN3810,59.5872,11.166,2019,5,13,12,12.442870000000028,12.703599999999994,12.5,0,0.2035999999999944,1383.0
SN53101,61.1724,6.6452,2019,5,13,12,9.172360000000026,8.25,8.1,0,0.1500000000000003,1372.0
SN24230,60.2225,9.8408,2019,5,13,12,11.076660000000004,11.945040000000006,11.2,0,0.7450400000000066,1318.0
SN44560,58.8843,5.637,2019,5,13,12,10.220199999999975,9.949999999999989,9.8,0,0.1499999999999879,1392.0
SN90400,69.6538,18.9095,2019,5,13,12,5.961430000000007,4.149999999999977,4.7,0,0.5500000000000229,1393.0
SN36560,58.6582,8.63,2019,5,13,12,12.301269999999988,12.11284999999998,12.2,0,0.0871500000000189,1333.0
SN11125,60.2852,11.1358,2019,5,13,12,10.129399999999976,11.806519999999978,10.0,0,1.8065199999999777,1326.0
SN78360,66.1317,13.5867,2019,5,13,12,3.6655299999999897,7.149999999999977,7.0,0,0.1499999999999772,1392.0
SN94195,70.2784,24.1009,2019,5,13,12,1.1879999999999882,2.151900000000012,2.6,0,0.4480999999999882,1278.0
SN61340,62.5643,7.672,2019,5,13,12,8.247560000000021,9.724150000000009,8.4,0,1.3241500000000084,1346.0
SN13655,61.5308,9.4023,2019,5,13,12,3.802250000000015,3.850000000000023,3.7,0,0.150000000000023,1390.0
SN59450,62.1467,5.2115,2019,5,13,12,6.357899999999972,8.611400000000003,8.8,0,0.1885999999999974,1393.0
SN12590,60.928,10.6725,2019,5,13,12,10.34814,12.134340000000009,9.8,0,2.334340000000008,1329.0
SN18269,59.9535,10.9035,2019,5,13,12,10.63427999999999,12.03134,11.8,0,0.2313399999999994,1306.0
SN87110,69.3073,16.1312,2019,5,13,12,5.901859999999999,5.949999999999989,5.8,0,0.1499999999999888,1386.0
SN43220,58.3798,6.1937,2019,5,13,12,11.996579999999994,12.697969999999998,11.2,0,1.4979699999999987,1263.0
SN63595,62.5818,9.2136,2019,5,13,12,2.263179999999977,7.123499999999979,5.7,0,1.4234999999999784,1315.0
SN59800,62.3293,5.268,2019,5,13,12,5.9839000000000055,6.649999999999977,6.5,0,0.1499999999999772,1392.0
SN3370,59.3193,11.0422,2019,5,13,12,13.034670000000006,13.60226,13.3,0,0.3022599999999986,1386.0
SN16271,61.8883,9.4798,2019,5,13,12,3.651859999999999,3.6066000000000153,2.4,0,1.2066000000000154,1360.0
SN19923,59.819,10.33,2019,5,13,12,10.80322000000001,12.161560000000009,9.7,0,2.4615600000000093,1317.0
SN88010,68.6753,17.9052,2019,5,13,12,0.541499999999985,2.56223,1.8,0,0.76223,1256.0
SN90630,69.903,19.4737,2019,5,13,12,4.2534200000000055,5.239959999999996,5.9,0,0.660040000000004,1290.0
SN33300,59.7675,7.8173,2019,5,13,12,1.6567400000000134,-0.1132200000000125,-1.8,0,1.6867799999999875,1370.0
SN76939,56.2782,3.3928,2019,5,13,12,8.448730000000012,8.363200000000006,12.5,0,4.136799999999994,1344.0
SN27450,59.23,10.3483,2019,5,13,12,12.948730000000012,11.850000000000025,11.7,0,0.1500000000000252,1392.0
SN34370,58.9397,9.3323,2019,5,13,12,12.71629999999999,13.417449999999974,11.2,0,2.2174499999999746,1295.0
SN3005,59.1778,11.2075,2019,5,13,12,12.123539999999991,13.341279999999983,11.8,0,1.5412799999999829,1279.0
SN32540,59.2728,9.2802,2019,5,13,12,12.456540000000018,14.154800000000025,13.2,0,0.9548000000000254,1300.0
SN57000,61.391,5.76,2019,5,13,12,7.637200000000007,8.050000000000011,7.9,0,0.150000000000011,1392.0
SN63630,62.6352,9.392,2019,5,13,12,-4.204600000000028,-5.363369999999975,-4.0,0,1.3633699999999749,1391.0
SN24890,60.567,9.1323,2019,5,13,12,10.766099999999994,12.449999999999989,12.3,0,0.1499999999999879,1384.0
SN85040,68.368,15.943,2019,5,13,12,4.530759999999987,5.449999999999989,5.3,0,0.1499999999999888,1393.0
SN3190,59.2852,11.1128,2019,5,13,12,14.068849999999998,12.25,12.1,0,0.1500000000000003,1393.0
SN50507,60.331,5.2992,2019,5,13,12,11.208500000000017,11.251800000000005,10.7,0,0.5518000000000054,1324.0
SN90800,70.2452,19.4997,2019,5,13,12,5.437999999999988,5.149999999999977,5.0,0,0.1499999999999772,1393.0
SN52535,60.7525,4.715,2019,5,13,12,8.452639999999974,7.596369999999979,7.9,0,0.3036300000000214,1384.0
SN46425,59.8228,6.7383,2019,5,13,12,4.600099999999998,1.4499999999999886,3.8,0,2.350000000000011,1327.0
SN85560,68.155,13.615,2019,5,13,12,5.587400000000002,6.550000000000011,6.4,0,0.150000000000011,1373.0
SN38730,58.6007,8.4167,2019,5,13,12,12.137200000000009,12.350000000000025,12.2,0,0.1500000000000252,1390.0
SN26950,59.6027,10.4047,2019,5,13,12,11.422360000000026,12.815279999999971,12.6,0,0.2152799999999715,1386.0
SN64300,63.1257,7.7027,2019,5,13,12,7.359860000000026,7.436199999999985,7.9,0,0.4638000000000151,1343.0
SN31400,59.8655,8.6978,2019,5,13,12,3.7339000000000055,5.598850000000027,4.1,0,1.4988500000000275,1386.0
SN4960,60.2688,11.4792,2019,5,13,12,10.688960000000009,11.319669999999974,9.8,0,1.519669999999973,1262.0
SN16040,61.7782,9.5413,2019,5,13,12,7.987799999999993,9.48615000000001,9.1,0,0.3861500000000095,1386.0
SN66740,62.7512,9.9845,2019,5,13,12,4.904800000000023,5.9868000000000166,4.8,0,1.1868000000000167,1329.0
SN43530,58.5603,6.0762,2019,5,13,12,11.786620000000028,11.973850000000027,11.1,0,0.8738500000000275,1258.0
SN84920,68.53,17.4255,2019,5,13,12,4.973140000000001,4.541499999999985,4.2,0,0.3414999999999848,1329.0
SN26630,59.7323,9.8728,2019,5,13,12,12.711430000000007,13.900969999999973,12.3,0,1.6009699999999718,1386.0
SN87970,68.6207,17.6513,2019,5,13,12,2.1078999999999724,3.276859999999999,2.9,0,0.3768599999999993,1325.0
SN4200,59.9708,11.0383,2019,5,13,12,11.198730000000012,11.850000000000025,11.7,0,0.1500000000000252,1347.0
SN42160,58.109,6.5675,2019,5,13,12,9.46436,9.25,9.1,0,0.1500000000000003,1338.0
SN27500,59.0272,10.5242,2019,5,13,12,8.435060000000021,10.050000000000011,9.9,0,0.150000000000011,1389.0
SN27285,59.3183,10.3748,2019,5,13,12,12.624500000000012,13.129700000000014,12.6,0,0.5297000000000143,1318.0
SN76935,61.4489,2.1425,2019,5,13,12,6.90870000000001,7.006599999999992,7.3,0,0.2934000000000081,1361.0
SN65451,63.5187,9.1125,2019,5,13,12,8.088379999999972,7.649999999999977,7.5,0,0.1499999999999772,1393.0
SN16620,62.1807,9.4752,2019,5,13,12,1.8032200000000105,2.344940000000008,2.4,0,0.0550599999999921,1274.0
SN64700,62.722,8.7753,2019,5,13,12,0.8872000000000071,2.8500000000000227,2.7,0,0.1500000000000225,1388.0
SN53010,60.9692,6.5055,2019,5,13,12,-0.3100600000000213,1.7866799999999898,2.3,0,0.51332000000001,1307.0
SN40880,59.5766,7.3897,2019,5,13,12,4.963379999999972,5.335329999999999,4.4,0,0.9353299999999988,1346.0
SN21680,60.9345,10.0358,2019,5,13,12,8.953599999999994,7.649999999999977,7.5,0,0.1499999999999772,1387.0
SN22990,60.9532,9.3343,2019,5,13,12,7.806150000000002,9.80716000000001,8.3,0,1.5071600000000096,1278.0
SN52860,61.0272,5.3813,2019,5,13,12,6.47120000000001,8.850000000000023,8.7,0,0.1500000000000234,1387.0
SN90560,69.6988,18.8772,2019,5,13,12,3.7749000000000015,3.593599999999981,4.1,0,0.5064000000000188,1393.0
SN48069,59.7372,5.3795,2019,5,13,12,8.876460000000009,10.748629999999991,7.9,0,2.848629999999991,1333.0
SN9580,62.2695,10.732,2019,5,13,12,6.22120000000001,6.850000000000023,6.7,0,0.1500000000000225,1391.0
SN60190,62.3065,6.849,2019,5,13,12,0.6372000000000071,-1.1979400000000169,-2.5,0,1.3020599999999831,1378.0
SN99370,69.7255,29.8977,2019,5,13,12,5.469240000000013,6.949999999999989,6.8,0,0.1499999999999888,1391.0
SN45530,59.0512,6.1212,2019,5,13,12,8.11572000000001,9.050000000000011,8.9,0,0.150000000000011,1388.0
SN11500,60.7002,10.8695,2019,5,13,12,9.245600000000024,9.550000000000011,9.4,0,0.150000000000011,1388.0
SN11440,60.5878,11.147,2019,5,13,12,7.214359999999999,7.836880000000008,9.0,0,1.1631199999999922,1327.0
SN15890,62.0162,7.6637,2019,5,13,12,-0.6928700000000276,2.1499999999999773,2.0,0,0.1499999999999772,1347.0
SN18815,59.9048,10.6825,2019,5,13,12,9.409670000000006,11.10635000000002,11.3,0,0.1936499999999803,1349.0
SN61790,62.571,7.783,2019,5,13,12,6.389160000000004,6.382900000000007,7.8,0,1.4170999999999925,1268.0
SN7950,61.1847,11.3747,2019,5,13,12,9.646000000000017,9.949999999999989,9.8,0,0.1499999999999879,1338.0
SN27870,59.2737,9.9268,2019,5,13,12,11.239750000000017,13.690600000000018,12.6,0,1.090600000000018,1319.0
SN90305,69.4338,19.2608,2019,5,13,12,1.4018599999999992,4.0269799999999805,4.4,0,0.3730200000000199,1328.0
SN10070,62.5003,11.1723,2019,5,13,12,4.135249999999985,4.590970000000027,4.0,0,0.5909700000000271,1302.0
SN2480,59.8438,11.7178,2019,5,13,12,9.719240000000012,11.694900000000018,9.8,0,1.8949000000000176,1306.0
SN98580,70.3545,31.044,2019,5,13,12,4.973140000000001,5.449999999999989,5.3,0,0.1499999999999888,1370.0
SN66120,63.3093,9.5685,2019,5,13,12,4.52197000000001,5.089080000000024,4.6,0,0.4890800000000244,1321.0
SN67340,62.8613,10.0213,2019,5,13,12,4.394040000000018,4.94135,2.9,0,2.04135,1276.0
SN26590,59.7445,10.2312,2019,5,13,12,13.181150000000002,13.841520000000004,11.9,0,1.941520000000004,1322.0
SN97710,69.3003,25.346,2019,5,13,12,1.875499999999988,0.1499999999999772,0.0,0,0.1499999999999772,1393.0
SN89940,68.7817,19.7017,2019,5,13,12,2.9008799999999724,6.75,6.6,0,0.1500000000000003,1324.0
SN76958,65.1103,6.7912,2019,5,13,12,6.525879999999972,6.434019999999975,7.4,0,0.9659800000000248,1375.0
SN27460,59.2173,10.4103,2019,5,13,12,13.308100000000024,13.358299999999986,11.4,0,1.9582999999999853,1372.0
SN27400,59.23662,10.45604,2019,5,13,12,12.333500000000017,12.442049999999997,11.1,0,1.3420499999999969,1393.0
SN84910,68.516,17.8725,2019,5,13,12,-0.0278299999999944,2.1469700000000103,2.2,0,0.0530299999999899,1313.0
SN28450,59.6112,9.4545,2019,5,13,12,8.484860000000026,10.500949999999987,8.8,0,1.7009499999999864,1270.0
SN47300,59.3065,4.8723,2019,5,13,12,7.951660000000004,8.850000000000023,8.7,0,0.1500000000000234,1391.0
SN11000,62.8715,11.8077,2019,5,13,12,0.1410999999999944,1.635249999999985,-0.2,0,1.835249999999985,1330.0
SN94680,71.0105,25.9782,2019,5,13,12,3.301269999999988,4.449999999999989,4.3,0,0.1499999999999888,1377.0
SN25830,60.5938,7.527,2019,5,13,12,-1.2299800000000118,-0.4520999999999731,-0.6,0,0.1479000000000269,1296.0
SN16610,62.1133,9.2862,2019,5,13,12,2.230959999999982,1.0500000000000114,0.9,0,0.1500000000000113,1256.0
SN91480,69.1467,20.7468,2019,5,13,12,1.1196299999999724,1.9605000000000248,2.3,0,0.339499999999975,1290.0
SN8230,61.5747,11.0045,2019,5,13,12,8.703599999999994,10.26479999999998,8.3,0,1.964799999999979,1316.0
SN4543,60.157,10.7217,2019,5,13,12,9.673339999999996,10.910300000000008,10.3,0,0.6103000000000076,1309.0
SN55700,61.158,7.1413,2019,5,13,12,8.635249999999985,6.050000000000011,5.9,0,0.150000000000011,1393.0
SN87640,68.8029,16.5362,2019,5,13,12,6.46629999999999,6.050000000000011,5.9,0,0.150000000000011,1382.0
SN60880,62.4837,6.4723,2019,5,13,12,6.794429999999977,8.702449999999999,7.8,0,0.9024499999999992,1262.0
SN60225,62.2915,6.7928,2019,5,13,12,1.0971700000000055,2.807099999999992,3.8,0,0.992900000000008,1328.0
SN26060,59.8387,9.8948,2019,5,13,12,11.982899999999972,13.448239999999998,12.8,0,0.6482399999999977,1382.0
SN91420,69.2852,20.4657,2019,5,13,12,2.9780299999999897,2.954900000000009,7.2,0,4.245099999999991,1323.0
SN94500,71.0937,23.9817,2019,5,13,12,4.530759999999987,4.149999999999977,4.0,0,0.1499999999999772,1393.0
SN76960,59.1652,2.4873,2019,5,13,12,8.15186,8.086149999999975,10.4,0,2.3138500000000253,1334.0
SN6020,60.6142,12.0125,2019,5,13,12,10.11572000000001,10.050000000000011,9.9,0,0.150000000000011,1361.0
SN60990,62.5617,6.115,2019,5,13,12,7.892100000000028,8.25,8.1,0,0.1500000000000003,1280.0
SN19830,59.548,10.4922,2019,5,13,12,11.458500000000017,12.796659999999974,9.8,0,2.9966599999999737,1324.0
SN26900,59.7538,10.1207,2019,5,13,12,11.668459999999982,12.050000000000011,11.9,0,0.150000000000011,1385.0
SN31700,59.8703,8.9267,2019,5,13,12,8.59814,11.100340000000015,8.6,0,2.500340000000016,1280.0
SN50514,60.3183,5.077,2019,5,13,12,9.563960000000009,10.958500000000017,11.2,0,0.2414999999999825,1330.0
SN82310,67.3084,14.4309,2019,5,13,12,5.09129999999999,7.01224000000002,6.1,0,0.91224000000002,1364.0
SN44730,58.8662,5.7592,2019,5,13,12,10.57080000000002,11.072940000000017,9.4,0,1.6729400000000163,1329.0
SN17895,59.794,10.76,2019,5,13,12,12.766099999999994,12.425450000000012,10.1,0,2.3254500000000125,1322.0
SN71780,63.9678,10.2237,2019,5,13,12,5.561039999999991,6.550000000000011,6.4,0,0.150000000000011,1390.0
SN29720,60.4188,8.5263,2019,5,13,12,5.829600000000028,6.050000000000011,5.9,0,0.150000000000011,1327.0
SN62270,62.7443,7.2617,2019,5,13,12,8.498539999999991,9.149999999999975,9.0,0,0.1499999999999755,1390.0
SN76930,66.0256,8.085,2019,5,13,12,4.785640000000001,4.4687000000000126,4.6,0,0.1312999999999871,1366.0
SN97251,69.4635,25.5023,2019,5,13,12,3.4331000000000245,5.949999999999989,5.8,0,0.1499999999999888,1393.0
SN73550,64.531,12.3837,2019,5,13,12,4.694819999999993,5.350000000000023,5.2,0,0.1500000000000225,1392.0
SN70850,64.1587,12.4692,2019,5,13,12,2.8686500000000024,4.380679999999984,5.4,0,1.0193200000000164,1349.0
SN59680,62.180413205637954,6.078056927162791,2019,5,13,12,7.400879999999972,8.350000000000023,8.2,0,0.1500000000000234,1357.0
SN60640,62.297,7.2525,2019,5,13,12,7.204600000000028,8.186800000000005,9.9,0,1.7131999999999952,1387.0
SN67210,63.1385,10.255,2019,5,13,12,6.002439999999979,8.065200000000004,7.1,0,0.9652000000000048,1295.0
SN75410,64.7977,10.5493,2019,5,13,12,6.043459999999982,6.550000000000011,6.4,0,0.150000000000011,1273.0
SN82220,67.2783,14.5173,2019,5,13,12,5.232899999999972,7.184720000000027,5.9,0,1.2847200000000267,1314.0
SN49087,60.2178,6.4298,2019,5,13,12,-1.5395500000000195,-1.118600000000015,-0.2,0,0.918600000000015,1352.0
SN64590,63.097,9.4367,2019,5,13,12,4.986820000000023,6.028169999999989,6.0,0,0.0281699999999887,1322.0
SN17850,59.6605,10.7818,2019,5,13,12,12.42919999999998,12.649999999999975,12.5,0,0.1499999999999755,1383.0
SN16845,62.147,8.6903,2019,5,13,12,4.535640000000001,6.944700000000012,4.3,0,2.644700000000012,1328.0
SN86520,68.648,15.2832,2019,5,13,12,4.595199999999977,6.109199999999987,6.6,0,0.4908000000000125,1363.0
SN27270,59.2782,10.4312,2019,5,13,12,12.205570000000025,13.819950000000006,13.5,0,0.3199500000000057,1384.0
SN48330,59.9083,5.0683,2019,5,13,12,8.635249999999985,8.20202999999998,7.2,0,1.002029999999979,1391.0
SN62290,62.7413,7.2275,2019,5,13,12,8.61669999999998,9.149999999999975,8.4,0,0.7499999999999751,1390.0
SN13160,61.4648,10.1277,2019,5,13,12,7.500499999999988,2.1499999999999773,2.0,0,0.1499999999999772,1391.0
SN76932,59.5742,2.2273,2019,5,13,12,8.211430000000007,8.138370000000009,7.8,0,0.3383700000000091,1365.0
SN79220,66.2348,13.904,2019,5,13,12,5.187000000000012,5.75,5.6,0,0.1500000000000003,1391.0
SN4260,59.9775,10.9777,2019,5,13,12,10.702639999999974,12.582949999999984,9.9,0,2.682949999999984,1386.0
SN64760,62.9853,8.6895,2019,5,13,12,6.498539999999991,9.17946999999998,8.1,0,1.079469999999981,1390.0
SN91505,69.585,20.3988,2019,5,13,12,5.368650000000002,5.733499999999992,5.9,0,0.166500000000008,1335.0
SN60247,62.028,6.7288,2019,5,13,12,4.708500000000015,5.789519999999982,6.0,0,0.2104800000000182,1322.0
SN25580,60.5825,8.3213,2019,5,13,12,6.298339999999996,7.410799999999995,8.7,0,1.2892000000000046,1320.0
SN80730,66.8815,13.6675,2019,5,13,12,3.2328999999999724,5.204679999999996,5.4,0,0.1953200000000041,1286.0
SN60947,62.4703,6.1945,2019,5,13,12,8.242680000000007,10.133579999999997,8.2,0,1.9335799999999972,1319.0
SN17640,59.7397,11.0083,2019,5,13,12,11.33544999999998,11.772550000000024,10.9,0,0.8725500000000235,1326.0
SN88628,69.4988,17.511,2019,5,13,12,4.275879999999972,5.848329999999976,5.8,0,0.048329999999976,1331.0
SN48120,59.7933,5.3407,2019,5,13,12,9.263179999999975,11.149999999999975,11.0,0,0.1499999999999755,1388.0
SN53530,60.6563,7.2755,2019,5,13,12,-1.812999999999988,-0.3500000000000227,-0.5,0,0.1499999999999773,1393.0
SN32240,59.4175,9.0287,2019,5,13,12,11.518070000000025,13.678279999999972,11.2,0,2.478279999999973,1390.0
SN5495,60.102,12.063,2019,5,13,12,9.59129999999999,10.826199999999972,9.3,0,1.526199999999971,1291.0
SN4780,60.2065,11.0802,2019,5,13,12,9.313960000000009,10.149999999999975,10.0,0,0.1499999999999755,1386.0
SN12666,61.108,10.442,2019,5,13,12,10.516099999999994,12.184939999999983,10.1,0,2.084939999999984,1310.0
SN8880,62.1093,10.6268,2019,5,13,12,6.412599999999998,7.752999999999986,7.0,0,0.7529999999999859,1388.0
SN99460,69.4552,30.041,2019,5,13,12,6.257319999999993,7.503170000000011,6.7,0,0.8031700000000113,1381.0
SN63725,62.6007,9.7215,2019,5,13,12,3.273930000000007,5.543150000000026,3.8,0,1.7431500000000255,1271.0
SN27075,59.511,10.2078,2019,5,13,12,10.85302999999999,12.2688,10.7,0,1.5688000000000013,1313.0
SN80610,66.7628,12.486,2019,5,13,12,5.674320000000023,6.149999999999977,6.0,0,0.1499999999999772,1391.0
SN58165,61.6093,6.5288,2019,5,13,12,5.669429999999977,7.332600000000013,7.3,0,0.0326000000000128,1323.0
SN50360,60.3982,5.6502,2019,5,13,12,8.530759999999987,8.946700000000021,7.6,0,1.3467000000000215,1297.0
SN17550,59.5177,10.7252,2019,5,13,12,11.796400000000006,12.76218,12.4,0,0.3621800000000004,1260.0
SN180,61.2943,12.2718,2019,5,13,12,7.64697000000001,7.850000000000023,7.7,0,0.1500000000000225,1385.0
SN80200,66.3892,13.1848,2019,5,13,12,-0.9799800000000118,4.114599999999996,4.5,0,0.3854000000000042,1376.0
SN46430,59.8315,6.733,2019,5,13,12,-0.1508799999999723,1.4499999999999886,1.3,0,0.1499999999999886,1392.0
SN98090,70.8708,29.0348,2019,5,13,12,3.565920000000005,5.149999999999977,5.0,0,0.1499999999999772,1393.0
SN50865,60.3828,5.542,2019,5,13,12,5.942870000000028,6.879500000000007,6.9,0,0.020499999999993,1391.0
SN6580,60.7525,11.7625,2019,5,13,12,10.051269999999988,10.840359999999976,9.8,0,1.0403599999999749,1305.0
SN33890,59.7662,7.3653,2019,5,13,12,4.394040000000018,3.850000000000023,3.7,0,0.150000000000023,1391.0
SN64870,63.0493,9.0878,2019,5,13,12,5.706540000000018,3.9499999999999886,3.8,0,0.1499999999999888,1373.0
SN98550,70.3707,31.0962,2019,5,13,12,4.918459999999982,5.25,5.1,0,0.1500000000000003,1393.0
SN20540,60.3558,10.5592,2019,5,13,12,9.003420000000006,11.935549999999978,11.4,0,0.5355499999999775,1374.0
SN86600,68.58,15.0293,2019,5,13,12,4.417480000000012,6.75,6.0,0,0.75,1385.0
SN67140,63.3403,10.2973,2019,5,13,12,7.537599999999998,6.78098,6.3,0,0.4809799999999997,1389.0
SN59110,62.034,4.986,2019,5,13,12,7.168459999999982,6.649999999999977,6.5,0,0.1499999999999772,1393.0
SN52390,60.626,5.4722,2019,5,13,12,10.953599999999994,10.113859999999988,8.7,0,1.413859999999989,1328.0
SN20361,60.2052,10.3113,2019,5,13,12,11.340329999999994,12.178679999999986,9.7,0,2.4786799999999864,1274.0
SN71805,64.0972,10.5248,2019,5,13,12,3.1782200000000103,3.472500000000025,2.9,0,0.5725000000000251,1330.0
SN55970,61.1645,6.2087,2019,5,13,12,9.299320000000025,9.624570000000006,9.1,0,0.524570000000006,1259.0
SN39040,58.2,8.0767,2019,5,13,12,12.306150000000002,11.350000000000025,11.2,0,0.1500000000000252,1345.0
SN95350,70.06,24.99,2019,5,13,12,3.419429999999977,5.550000000000011,5.4,0,0.150000000000011,1390.0
SN76967,60.3902,2.797,2019,5,13,12,7.127439999999979,7.149960000000021,9.0,0,1.8500399999999784,1336.0
SN55820,61.4233,6.7642,2019,5,13,12,7.860839999999996,9.050000000000011,8.9,0,0.150000000000011,1369.0
SN13150,61.4582,10.1872,2019,5,13,12,9.145019999999988,10.649999999999975,10.5,0,0.1499999999999755,1368.0
SN89985,69.1025,19.5442,2019,5,13,12,-1.544429999999977,-1.9311500000000024,-3.7,0,1.7688499999999978,1382.0
SN14200,61.7247,9.1542,2019,5,13,12,6.430180000000007,7.304259999999999,6.9,0,0.4042599999999989,1290.0
SN61580,62.2943,8.1255,2019,5,13,12,2.436039999999992,5.005069999999989,5.4,0,0.3949300000000111,1318.0
SN24670,60.2684,9.6919,2019,5,13,12,10.297360000000026,11.677030000000002,10.6,0,1.0770300000000024,1317.0
SN90490,69.6767,18.9133,2019,5,13,12,4.749500000000012,4.649999999999977,4.5,0,0.1499999999999772,1393.0
SN77490,65.3143,13.4483,2019,5,13,12,-0.2787999999999897,-1.6706500000000233,-2.6,0,0.9293499999999768,1388.0
SN86740,68.6072,14.4347,2019,5,13,12,5.761230000000012,5.868620000000021,6.0,0,0.1313799999999787,1310.0
